-- phpMyAdmin SQL Dump
-- version 4.6.5.1
-- https://www.phpmyadmin.net/
--
-- Client :  localhost:8889
-- Généré le :  Ven 17 Février 2017 à 15:55
-- Version du serveur :  5.6.34
-- Version de PHP :  7.1.0

SET SQL_MODE = "NO_AUTO_VALUE_ON_ZERO";
SET time_zone = "+00:00";

--
-- Base de données :  `villalemons`
--

-- --------------------------------------------------------

--
-- Structure de la table `Caisse`
--

CREATE TABLE `Caisse` (
  `fond_de_caisse` decimal(5,2) DEFAULT NULL,
  `date_heure` timestamp NOT NULL DEFAULT CURRENT_TIMESTAMP ON UPDATE CURRENT_TIMESTAMP
) ENGINE=InnoDB DEFAULT CHARSET=utf8;

--
-- Contenu de la table `Caisse`
--

INSERT INTO `Caisse` (`fond_de_caisse`, `date_heure`) VALUES
('93.84', '2017-02-17 14:32:24');

-- --------------------------------------------------------

--
-- Structure de la table `Mouvements`
--

CREATE TABLE `Mouvements` (
  `id_mouvement` int(10) NOT NULL,
  `nouveau_montant` decimal(10,2) DEFAULT NULL,
  `date_mouvement` timestamp NOT NULL DEFAULT CURRENT_TIMESTAMP ON UPDATE CURRENT_TIMESTAMP
) ENGINE=MyISAM DEFAULT CHARSET=utf8;

--
-- Contenu de la table `Mouvements`
--

INSERT INTO `Mouvements` (`id_mouvement`, `nouveau_montant`, `date_mouvement`) VALUES
(12, '74.92', '2017-02-01 11:20:13'),
(11, '70.92', '2017-01-30 18:09:41'),
(7, '152.92', '2017-01-26 16:06:26'),
(10, '70.92', '2017-01-30 18:07:37'),
(9, '58.92', '2017-01-27 11:27:02'),
(13, '91.34', '2017-02-07 16:52:23');

-- --------------------------------------------------------

--
-- Structure de la table `Retraits`
--

CREATE TABLE `Retraits` (
  `id_retrait` int(10) NOT NULL,
  `montant_retrait` decimal(10,2) NOT NULL,
  `date_retrait` timestamp NOT NULL DEFAULT CURRENT_TIMESTAMP
) ENGINE=MyISAM DEFAULT CHARSET=utf8;

--
-- Contenu de la table `Retraits`
--

INSERT INTO `Retraits` (`id_retrait`, `montant_retrait`, `date_retrait`) VALUES
(1, '32.50', '2017-02-15 13:20:47');

-- --------------------------------------------------------

--
-- Structure de la table `Stock`
--

CREATE TABLE `Stock` (
  `produit` varchar(30) NOT NULL,
  `quantite` int(5) DEFAULT NULL,
  `prix` decimal(5,2) DEFAULT NULL,
  `ordre` int(2) NOT NULL DEFAULT '20',
  `actif` tinyint(1) NOT NULL DEFAULT '1' COMMENT 'si actif=0 (ou "false"), le produit est archivé',
  `couleur` varchar(20) NOT NULL DEFAULT 'LightBlue'
) ENGINE=InnoDB DEFAULT CHARSET=utf8;

--
-- Contenu de la table `Stock`
--

INSERT INTO `Stock` (`produit`, `quantite`, `prix`, `ordre`, `actif`, `couleur`) VALUES
('Bière', 0, '2.50', 25, 1, 'Tomato'),
('Blanc', 0, '2.50', 25, 1, 'Tomato'),
('Café Aroma (orange)', 91, '1.00', 1, 1, 'LightYellow'),
('Café gris', 113, '1.00', 1, 1, 'LightYellow'),
('Café Lungo (blanc)', 92, '1.00', 1, 1, 'LightYellow'),
('Café rouge (fort)', 97, '1.00', 1, 1, 'LightYellow'),
('Chips', 12, '1.00', 14, 1, 'DarkSalmon'),
('Chocolat / Lait', 63, '1.00', 1, 1, 'LightYellow'),
('Coca', 9, '1.00', 5, 1, 'DarkTurquoise'),
('Coca zero', 8, '1.00', 5, 1, 'DarkTurquoise'),
('Déca', 75, '1.00', 1, 1, 'LightYellow'),
('Eau', 11, '1.00', 2, 1, 'LightPink'),
('Ice Tea', 0, '1.00', 5, 1, 'DarkTurquoise'),
('Kinder Bueno', 12, '1.50', 12, 1, 'SandyBrown'),
('Lion', 10, '1.00', 10, 1, 'SandyBrown'),
('Mars', 13, '1.00', 10, 1, 'SandyBrown'),
('Oasis', 10, '1.00', 5, 1, 'DarkTurquoise'),
('Orangina', 11, '1.00', 5, 1, 'DarkTurquoise'),
('Planche', 0, '8.00', 25, 1, 'Tomato'),
('Rouge', 0, '2.50', 25, 1, 'Tomato'),
('Snickers', 13, '1.00', 10, 1, 'SandyBrown'),
('test', 6, '1.00', 20, 0, 'LightBlue'),
('Thé', 0, '1.00', 20, 1, 'Tomato'),
('Thé citron', 42, '1.00', 3, 1, 'LightBlue'),
('Thé Earl Grey', 40, '1.00', 3, 1, 'LightBlue'),
('Thé fruits rouges', 21, '1.00', 3, 1, 'LightBlue'),
('Thé jasmin', 20, '1.00', 3, 1, 'LightBlue'),
('Thé vert', 59, '1.00', 3, 1, 'LightBlue'),
('Twix', 10, '1.00', 9, 1, 'SandyBrown');

-- --------------------------------------------------------

--
-- Structure de la table `Utilisateurs`
--

CREATE TABLE `Utilisateurs` (
  `username` varchar(30) NOT NULL,
  `mdp` varchar(255) DEFAULT NULL
) ENGINE=InnoDB DEFAULT CHARSET=utf8;

--
-- Contenu de la table `Utilisateurs`
--

INSERT INTO `Utilisateurs` (`username`, `mdp`) VALUES
('admin', '$2y$10$4WJea605VZH2nyjYqpWZ.O/n68SAqsCMZNpePe0W7WiaSmoO3Dl1.'),
('stagiaire', '$2y$10$Tzy5dliwc2Va.2DhJMj7p.t8rK4LtjgNYGk8dUb26wmD/1MuosprW');

-- --------------------------------------------------------

--
-- Structure de la table `Ventes`
--

CREATE TABLE `Ventes` (
  `id_vente` int(6) UNSIGNED NOT NULL,
  `date_vente` timestamp NOT NULL DEFAULT CURRENT_TIMESTAMP ON UPDATE CURRENT_TIMESTAMP,
  `vendeur` varchar(30) DEFAULT NULL,
  `produit` varchar(30) DEFAULT NULL,
  `Offert` tinyint(1) NOT NULL DEFAULT '0',
  `Facturer` tinyint(1) NOT NULL DEFAULT '0'
) ENGINE=InnoDB DEFAULT CHARSET=utf8;

--
-- Contenu de la table `Ventes`
--

INSERT INTO `Ventes` (`id_vente`, `date_vente`, `vendeur`, `produit`, `Offert`, `Facturer`) VALUES
(3772, '2016-09-15 22:00:00', 'admin', 'Café gris', 0, 0),
(3773, '2016-09-15 22:00:00', 'admin', 'Chocolat / Lait', 0, 0),
(3774, '2016-09-15 22:00:00', 'admin', 'Thé', 0, 0),
(3775, '2016-09-16 22:00:00', 'admin', 'Café gris', 0, 0),
(3776, '2016-09-16 22:00:00', 'admin', 'Café gris', 0, 0),
(3777, '2016-09-16 22:00:00', 'admin', 'Café gris', 0, 0),
(3778, '2016-09-16 22:00:00', 'admin', 'Café gris', 0, 0),
(3779, '2016-09-16 22:00:00', 'admin', 'Café gris', 0, 0),
(3780, '2016-09-16 22:00:00', 'admin', 'Café gris', 0, 0),
(3781, '2016-09-16 22:00:00', 'admin', 'Café gris', 0, 0),
(3782, '2016-09-17 22:00:00', 'admin', 'Café gris', 0, 0),
(3783, '2016-09-17 22:00:00', 'admin', 'Café gris', 0, 0),
(3784, '2016-09-17 22:00:00', 'admin', 'Café gris', 0, 0),
(3785, '2016-09-18 22:00:00', 'admin', 'Eau', 0, 0),
(3786, '2016-09-19 22:00:00', 'admin', 'Snickers', 0, 0),
(3787, '2016-09-20 22:00:00', 'admin', 'Café gris', 0, 0),
(3788, '2016-09-21 22:00:00', 'admin', 'Eau', 0, 0),
(3789, '2016-09-21 22:00:00', 'admin', 'Chips', 0, 0),
(3790, '2016-09-21 22:00:00', 'admin', 'Coca', 0, 0),
(3791, '2016-09-21 22:00:00', 'admin', 'Mars', 0, 0),
(3792, '2016-09-23 22:00:00', 'admin', 'Café gris', 0, 0),
(3793, '2016-09-23 22:00:00', 'admin', 'Café gris', 0, 0),
(3794, '2016-09-23 22:00:00', 'admin', 'Café gris', 0, 0),
(3795, '2016-09-23 22:00:00', 'admin', 'Café gris', 0, 0),
(3796, '2016-09-23 22:00:00', 'admin', 'Café gris', 0, 0),
(3797, '2016-09-23 22:00:00', 'admin', 'Café gris', 0, 0),
(3798, '2016-09-23 22:00:00', 'admin', 'Café gris', 0, 0),
(3799, '2016-09-23 22:00:00', 'admin', 'Café gris', 0, 0),
(3800, '2016-09-23 22:00:00', 'admin', 'Café gris', 0, 0),
(3801, '2016-09-23 22:00:00', 'admin', 'Café gris', 0, 0),
(3802, '2016-09-23 22:00:00', 'admin', 'Café gris', 0, 0),
(3803, '2016-09-23 22:00:00', 'admin', 'Café gris', 0, 0),
(3804, '2016-09-23 22:00:00', 'admin', 'Café gris', 0, 0),
(3805, '2016-09-23 22:00:00', 'admin', 'Café gris', 0, 0),
(3806, '2016-09-23 22:00:00', 'admin', 'Café gris', 0, 0),
(3807, '2016-09-23 22:00:00', 'admin', 'Café gris', 0, 0),
(3808, '2016-09-23 22:00:00', 'admin', 'Café gris', 0, 0),
(3809, '2016-09-23 22:00:00', 'admin', 'Café gris', 0, 0),
(3810, '2016-09-23 22:00:00', 'admin', 'Café gris', 0, 0),
(3811, '2016-09-23 22:00:00', 'admin', 'Café gris', 0, 0),
(3812, '2016-09-23 22:00:00', 'admin', 'Café gris', 0, 0),
(3813, '2016-09-23 22:00:00', 'admin', 'Café gris', 0, 0),
(3814, '2016-09-23 22:00:00', 'admin', 'Café gris', 0, 0),
(3815, '2016-09-23 22:00:00', 'admin', 'Café gris', 0, 0),
(3816, '2016-09-23 22:00:00', 'admin', 'Café gris', 0, 0),
(3817, '2016-09-23 22:00:00', 'admin', 'Café gris', 0, 0),
(3818, '2016-09-23 22:00:00', 'admin', 'Café gris', 0, 0),
(3819, '2016-09-23 22:00:00', 'admin', 'Café gris', 0, 0),
(3820, '2016-09-23 22:00:00', 'admin', 'Café gris', 0, 0),
(3821, '2016-09-23 22:00:00', 'admin', 'Café gris', 0, 0),
(3822, '2016-09-23 22:00:00', 'admin', 'Café gris', 0, 0),
(3823, '2016-09-23 22:00:00', 'admin', 'Café gris', 0, 0),
(3824, '2016-09-23 22:00:00', 'admin', 'Café gris', 0, 0),
(3825, '2016-09-23 22:00:00', 'admin', 'Café gris', 0, 0),
(3826, '2016-09-23 22:00:00', 'admin', 'Café gris', 0, 0),
(3827, '2016-09-23 22:00:00', 'admin', 'Café gris', 0, 0),
(3828, '2016-09-23 22:00:00', 'admin', 'Café gris', 0, 0),
(3829, '2016-09-24 22:00:00', 'admin', 'Café gris', 0, 0),
(3830, '2016-09-24 22:00:00', 'admin', 'Café gris', 0, 0),
(3831, '2016-09-24 22:00:00', 'admin', 'Café gris', 0, 0),
(3832, '2016-09-24 22:00:00', 'admin', 'Café gris', 0, 0),
(3833, '2016-09-24 22:00:00', 'admin', 'Café gris', 0, 0),
(3834, '2016-09-24 22:00:00', 'admin', 'Café gris', 0, 0),
(3835, '2016-09-24 22:00:00', 'admin', 'Café gris', 0, 0),
(3836, '2016-09-24 22:00:00', 'admin', 'Café gris', 0, 0),
(3837, '2016-09-24 22:00:00', 'admin', 'Café gris', 0, 0),
(3838, '2016-09-24 22:00:00', 'admin', 'Café gris', 0, 0),
(3839, '2016-09-24 22:00:00', 'admin', 'Café gris', 0, 0),
(3840, '2016-09-24 22:00:00', 'admin', 'Café gris', 0, 0),
(3841, '2016-09-24 22:00:00', 'admin', 'Café gris', 0, 0),
(3842, '2016-09-24 22:00:00', 'admin', 'Café gris', 0, 0),
(3843, '2016-09-24 22:00:00', 'admin', 'Café gris', 0, 0),
(3844, '2016-09-24 22:00:00', 'admin', 'Café gris', 0, 0),
(3845, '2016-09-24 22:00:00', 'admin', 'Café gris', 0, 0),
(3846, '2016-09-24 22:00:00', 'admin', 'Café gris', 0, 0),
(3847, '2016-09-24 22:00:00', 'admin', 'Café gris', 0, 0),
(3848, '2016-09-24 22:00:00', 'admin', 'Café gris', 0, 0),
(3849, '2016-09-24 22:00:00', 'admin', 'Café gris', 0, 0),
(3850, '2016-09-24 22:00:00', 'admin', 'Café gris', 0, 0),
(3851, '2016-09-24 22:00:00', 'admin', 'Café gris', 0, 0),
(3852, '2016-09-24 22:00:00', 'admin', 'Café gris', 0, 0),
(3853, '2016-09-24 22:00:00', 'admin', 'Café gris', 0, 0),
(3854, '2016-09-24 22:00:00', 'admin', 'Café gris', 0, 0),
(3855, '2016-09-24 22:00:00', 'admin', 'Café gris', 0, 0),
(3856, '2016-09-24 22:00:00', 'admin', 'Café gris', 0, 0),
(3857, '2016-09-24 22:00:00', 'admin', 'Café gris', 0, 0),
(3858, '2016-09-24 22:00:00', 'admin', 'Café gris', 0, 0),
(3859, '2016-09-24 22:00:00', 'admin', 'Café gris', 0, 0),
(3860, '2016-09-24 22:00:00', 'admin', 'Café gris', 0, 0),
(3861, '2016-09-24 22:00:00', 'admin', 'Café gris', 0, 0),
(3862, '2016-09-24 22:00:00', 'admin', 'Café gris', 0, 0),
(3863, '2016-09-24 22:00:00', 'admin', 'Café gris', 0, 0),
(3864, '2016-09-24 22:00:00', 'admin', 'Café gris', 0, 0),
(3865, '2016-09-24 22:00:00', 'admin', 'Café gris', 0, 0),
(3866, '2016-09-24 22:00:00', 'admin', 'Café gris', 0, 0),
(3867, '2016-09-24 22:00:00', 'admin', 'Eau', 0, 0),
(3868, '2016-09-24 22:00:00', 'admin', 'Eau', 0, 0),
(3869, '2016-09-26 22:00:00', 'admin', 'Café gris', 0, 0),
(3870, '2016-09-26 22:00:00', 'admin', 'Café gris', 0, 0),
(3871, '2016-09-26 22:00:00', 'admin', 'Café gris', 0, 0),
(3872, '2016-09-26 22:00:00', 'admin', 'Twix', 0, 0),
(3873, '2016-09-27 22:00:00', 'admin', 'Café gris', 0, 0),
(3874, '2016-09-27 22:00:00', 'admin', 'Café gris', 0, 0),
(3875, '2016-09-27 22:00:00', 'admin', 'Café gris', 0, 0),
(3876, '2016-09-27 22:00:00', 'admin', 'Café gris', 0, 0),
(3877, '2016-09-27 22:00:00', 'admin', 'Café gris', 0, 0),
(3878, '2016-09-27 22:00:00', 'admin', 'Coca', 0, 0),
(3879, '2016-09-27 22:00:00', 'admin', 'Coca', 0, 0),
(3880, '2016-09-27 22:00:00', 'admin', 'Snickers', 0, 0),
(3881, '2016-09-28 22:00:00', 'admin', 'Eau', 0, 0),
(3882, '2016-09-28 22:00:00', 'admin', 'Café gris', 0, 0),
(3883, '2016-09-28 22:00:00', 'admin', 'Chips', 0, 0),
(3884, '2016-09-29 22:00:00', 'admin', 'Snickers', 0, 0),
(3885, '2016-09-29 22:00:00', 'admin', 'Eau', 0, 0),
(3886, '2016-09-29 22:00:00', 'admin', 'Déca', 0, 0),
(3887, '2016-09-29 22:00:00', 'admin', 'Déca', 0, 0),
(3888, '2016-09-30 22:00:00', 'admin', 'Café gris', 0, 0),
(3889, '2016-09-30 22:00:00', 'admin', 'Café gris', 0, 0),
(3890, '2016-09-30 22:00:00', 'admin', 'Café gris', 0, 0),
(3891, '2016-09-30 22:00:00', 'admin', 'Café gris', 0, 0),
(3892, '2016-09-30 22:00:00', 'admin', 'Café gris', 0, 0),
(3893, '2016-09-30 22:00:00', 'admin', 'Café gris', 0, 0),
(3894, '2016-09-30 22:00:00', 'admin', 'Café gris', 0, 0),
(3895, '2016-09-30 22:00:00', 'admin', 'Café gris', 0, 0),
(3896, '2016-09-30 22:00:00', 'admin', 'Café gris', 0, 0),
(3897, '2016-09-30 22:00:00', 'admin', 'Café gris', 0, 0),
(3898, '2016-09-30 22:00:00', 'admin', 'Café gris', 0, 0),
(3899, '2016-09-30 22:00:00', 'admin', 'Café gris', 0, 0),
(3900, '2016-09-30 22:00:00', 'admin', 'Café gris', 0, 0),
(3901, '2016-09-30 22:00:00', 'admin', 'Café gris', 0, 0),
(3902, '2016-09-30 22:00:00', 'admin', 'Café gris', 0, 0),
(3903, '2016-09-30 22:00:00', 'admin', 'Café gris', 0, 0),
(3904, '2016-09-30 22:00:00', 'admin', 'Café gris', 0, 0),
(3905, '2016-09-30 22:00:00', 'admin', 'Café gris', 0, 0),
(3906, '2016-09-30 22:00:00', 'admin', 'Café gris', 0, 0),
(3907, '2016-09-30 22:00:00', 'admin', 'Café gris', 0, 0),
(3908, '2016-09-30 22:00:00', 'admin', 'Café gris', 0, 0),
(3909, '2016-09-30 22:00:00', 'admin', 'Café gris', 0, 0),
(3910, '2016-09-30 22:00:00', 'admin', 'Café gris', 0, 0),
(3911, '2016-09-30 22:00:00', 'admin', 'Café gris', 0, 0),
(3912, '2016-09-30 22:00:00', 'admin', 'Café gris', 0, 0),
(3913, '2016-09-30 22:00:00', 'admin', 'Café gris', 0, 0),
(3914, '2016-09-30 22:00:00', 'admin', 'Café gris', 0, 0),
(3915, '2016-09-30 22:00:00', 'admin', 'Café gris', 0, 0),
(3916, '2016-09-30 22:00:00', 'admin', 'Café gris', 0, 0),
(3917, '2016-09-30 22:00:00', 'admin', 'Café gris', 0, 0),
(3918, '2016-09-30 22:00:00', 'admin', 'Café gris', 0, 0),
(3919, '2016-09-30 22:00:00', 'admin', 'Café gris', 0, 0),
(3920, '2016-09-30 22:00:00', 'admin', 'Café gris', 0, 0),
(3921, '2016-09-30 22:00:00', 'admin', 'Café gris', 0, 0),
(3922, '2016-09-30 22:00:00', 'admin', 'Café gris', 0, 0),
(3923, '2016-09-30 22:00:00', 'admin', 'Café gris', 0, 0),
(3924, '2016-09-30 22:00:00', 'admin', 'Café gris', 0, 0),
(3925, '2016-09-30 22:00:00', 'admin', 'Café gris', 0, 0),
(3926, '2016-09-30 22:00:00', 'admin', 'Café gris', 0, 0),
(3927, '2016-09-30 22:00:00', 'admin', 'Café gris', 0, 0),
(3928, '2016-09-30 22:00:00', 'admin', 'Twix', 0, 0),
(3929, '2016-10-01 22:00:00', 'admin', 'Café gris', 0, 0),
(3930, '2016-10-01 22:00:00', 'admin', 'Café gris', 0, 0),
(3931, '2016-10-01 22:00:00', 'admin', 'Café gris', 0, 0),
(3932, '2016-10-01 22:00:00', 'admin', 'Café gris', 0, 0),
(3933, '2016-10-01 22:00:00', 'admin', 'Café gris', 0, 0),
(3934, '2016-10-01 22:00:00', 'admin', 'Café gris', 0, 0),
(3935, '2016-10-01 22:00:00', 'admin', 'Café gris', 0, 0),
(3936, '2016-10-01 22:00:00', 'admin', 'Café gris', 0, 0),
(3937, '2016-10-01 22:00:00', 'admin', 'Café gris', 0, 0),
(3938, '2016-10-01 22:00:00', 'admin', 'Café gris', 0, 0),
(3939, '2016-10-01 22:00:00', 'admin', 'Café gris', 0, 0),
(3940, '2016-10-01 22:00:00', 'admin', 'Café gris', 0, 0),
(3941, '2016-10-01 22:00:00', 'admin', 'Café gris', 0, 0),
(3942, '2016-10-01 22:00:00', 'admin', 'Café gris', 0, 0),
(3943, '2016-10-01 22:00:00', 'admin', 'Café gris', 0, 0),
(3944, '2016-10-01 22:00:00', 'admin', 'Café gris', 0, 0),
(3945, '2016-10-01 22:00:00', 'admin', 'Café gris', 0, 0),
(3946, '2016-10-01 22:00:00', 'admin', 'Café gris', 0, 0),
(3947, '2016-10-01 22:00:00', 'admin', 'Café gris', 0, 0),
(3948, '2016-10-01 22:00:00', 'admin', 'Café gris', 0, 0),
(3949, '2016-10-01 22:00:00', 'admin', 'Café gris', 0, 0),
(3950, '2016-10-01 22:00:00', 'admin', 'Café gris', 0, 0),
(3951, '2016-10-01 22:00:00', 'admin', 'Café gris', 0, 0),
(3952, '2016-10-01 22:00:00', 'admin', 'Café gris', 0, 0),
(3953, '2016-10-01 22:00:00', 'admin', 'Café gris', 0, 0),
(3954, '2016-10-01 22:00:00', 'admin', 'Café gris', 0, 0),
(3955, '2016-10-01 22:00:00', 'admin', 'Café gris', 0, 0),
(3956, '2016-10-01 22:00:00', 'admin', 'Café gris', 0, 0),
(3957, '2016-10-01 22:00:00', 'admin', 'Café gris', 0, 0),
(3958, '2016-10-01 22:00:00', 'admin', 'Café gris', 0, 0),
(3959, '2016-10-01 22:00:00', 'admin', 'Café gris', 0, 0),
(3960, '2016-10-01 22:00:00', 'admin', 'Café gris', 0, 0),
(3961, '2016-10-01 22:00:00', 'admin', 'Café gris', 0, 0),
(3962, '2016-10-01 22:00:00', 'admin', 'Café gris', 0, 0),
(3963, '2016-10-01 22:00:00', 'admin', 'Café gris', 0, 0),
(3964, '2016-10-01 22:00:00', 'admin', 'Café gris', 0, 0),
(3965, '2016-10-01 22:00:00', 'admin', 'Café gris', 0, 0),
(3966, '2016-10-01 22:00:00', 'admin', 'Café gris', 0, 0),
(3967, '2016-10-01 22:00:00', 'admin', 'Café gris', 0, 0),
(3968, '2016-10-01 22:00:00', 'admin', 'Café gris', 0, 0),
(3969, '2016-10-01 22:00:00', 'admin', 'Café gris', 0, 0),
(3970, '2016-10-01 22:00:00', 'admin', 'Café gris', 0, 0),
(3971, '2016-10-01 22:00:00', 'admin', 'Café gris', 0, 0),
(3972, '2016-10-01 22:00:00', 'admin', 'Café gris', 0, 0),
(3973, '2016-10-01 22:00:00', 'admin', 'Café gris', 0, 0),
(3974, '2016-10-01 22:00:00', 'admin', 'Café gris', 0, 0),
(3975, '2016-10-01 22:00:00', 'admin', 'Café gris', 0, 0),
(3976, '2016-10-01 22:00:00', 'admin', 'Café gris', 0, 0),
(3977, '2016-10-01 22:00:00', 'admin', 'Café gris', 0, 0),
(3978, '2016-10-01 22:00:00', 'admin', 'Café gris', 0, 0),
(3979, '2016-10-01 22:00:00', 'admin', 'Café gris', 0, 0),
(3980, '2016-10-01 22:00:00', 'admin', 'Café gris', 0, 0),
(3981, '2016-10-01 22:00:00', 'admin', 'Café gris', 0, 0),
(3982, '2016-10-01 22:00:00', 'admin', 'Café gris', 0, 0),
(3983, '2016-10-01 22:00:00', 'admin', 'Café gris', 0, 0),
(3984, '2016-10-01 22:00:00', 'admin', 'Café gris', 0, 0),
(3985, '2016-10-01 22:00:00', 'admin', 'Café gris', 0, 0),
(3986, '2016-10-01 22:00:00', 'admin', 'Café gris', 0, 0),
(3987, '2016-10-01 22:00:00', 'admin', 'Café gris', 0, 0),
(3988, '2016-10-01 22:00:00', 'admin', 'Thé', 0, 0),
(3989, '2016-10-01 22:00:00', 'admin', 'Thé', 0, 0),
(3990, '2016-10-01 22:00:00', 'admin', 'Thé', 0, 0),
(3991, '2016-10-01 22:00:00', 'admin', 'Thé', 0, 0),
(3992, '2016-10-01 22:00:00', 'admin', 'Thé', 0, 0),
(3993, '2016-10-01 22:00:00', 'admin', 'Thé', 0, 0),
(3994, '2016-10-01 22:00:00', 'admin', 'Thé', 0, 0),
(3995, '2016-10-01 22:00:00', 'admin', 'Thé', 0, 0),
(3996, '2016-10-01 22:00:00', 'admin', 'Thé', 0, 0),
(3997, '2016-10-01 22:00:00', 'admin', 'Snickers', 0, 0),
(3998, '2016-10-01 22:00:00', 'admin', 'Mars', 0, 0),
(3999, '2016-10-01 22:00:00', 'admin', 'Twix', 0, 0),
(4000, '2016-10-02 22:00:00', 'admin', 'Café gris', 0, 0),
(4001, '2016-10-02 22:00:00', 'admin', 'Café gris', 0, 0),
(4002, '2016-10-03 22:00:00', 'admin', 'Café gris', 0, 0),
(4003, '2016-10-03 22:00:00', 'admin', 'Café gris', 0, 0),
(4004, '2016-10-03 22:00:00', 'admin', 'Café gris', 0, 0),
(4005, '2016-10-03 22:00:00', 'admin', 'Café gris', 0, 0),
(4006, '2016-10-03 22:00:00', 'admin', 'Café gris', 0, 0),
(4007, '2016-10-03 22:00:00', 'admin', 'Café gris', 0, 0),
(4008, '2016-10-03 22:00:00', 'admin', 'Café gris', 0, 0),
(4009, '2016-10-03 22:00:00', 'admin', 'Orangina', 0, 0),
(4010, '2016-10-04 22:00:00', 'admin', 'Thé', 0, 0),
(4011, '2016-10-04 22:00:00', 'admin', 'Café gris', 0, 0),
(4012, '2016-10-04 22:00:00', 'admin', 'Café gris', 0, 0),
(4013, '2016-10-04 22:00:00', 'admin', 'Chocolat / Lait', 0, 0),
(4014, '2016-10-05 22:00:00', 'admin', 'Thé', 0, 0),
(4015, '2016-10-05 22:00:00', 'admin', 'Thé', 0, 0),
(4016, '2016-10-05 22:00:00', 'admin', 'Thé', 0, 0),
(4017, '2016-10-05 22:00:00', 'admin', 'Thé', 0, 0),
(4018, '2016-10-05 22:00:00', 'admin', 'Café gris', 0, 0),
(4019, '2016-10-05 22:00:00', 'admin', 'Café gris', 0, 0),
(4020, '2016-10-05 22:00:00', 'admin', 'Café gris', 0, 0),
(4021, '2016-10-05 22:00:00', 'admin', 'Café gris', 0, 0),
(4022, '2016-10-05 22:00:00', 'admin', 'Café gris', 0, 0),
(4023, '2016-10-05 22:00:00', 'admin', 'Twix', 0, 0),
(4024, '2016-10-05 22:00:00', 'admin', 'Eau', 0, 0),
(4025, '2016-10-06 22:00:00', 'admin', 'Coca zero', 0, 0),
(4026, '2016-10-06 22:00:00', 'admin', 'Coca zero', 0, 0),
(4027, '2016-10-06 22:00:00', 'admin', 'Café gris', 0, 0),
(4028, '2016-10-06 22:00:00', 'admin', 'Café gris', 0, 0),
(4029, '2016-10-06 22:00:00', 'admin', 'Café gris', 0, 0),
(4030, '2016-10-06 22:00:00', 'admin', 'Déca', 0, 0),
(4031, '2016-10-06 22:00:00', 'admin', 'Eau', 0, 0),
(4032, '2016-10-06 22:00:00', 'admin', 'Eau', 0, 0),
(4033, '2016-10-06 22:00:00', 'admin', 'Bière', 0, 0),
(4034, '2016-10-06 22:00:00', 'admin', 'Bière', 0, 0),
(4035, '2016-10-06 22:00:00', 'admin', 'Bière', 0, 0),
(4036, '2016-10-06 22:00:00', 'admin', 'Bière', 0, 0),
(4037, '2016-10-06 22:00:00', 'admin', 'Bière', 0, 0),
(4038, '2016-10-06 22:00:00', 'admin', 'Bière', 0, 0),
(4039, '2016-10-06 22:00:00', 'admin', 'Bière', 0, 0),
(4040, '2016-10-06 22:00:00', 'admin', 'Bière', 0, 0),
(4041, '2016-10-06 22:00:00', 'admin', 'Bière', 0, 0),
(4042, '2016-10-06 22:00:00', 'admin', 'Bière', 0, 0),
(4043, '2016-10-06 22:00:00', 'admin', 'Bière', 0, 0),
(4044, '2016-10-06 22:00:00', 'admin', 'Bière', 0, 0),
(4045, '2016-10-06 22:00:00', 'admin', 'Bière', 0, 0),
(4046, '2016-10-06 22:00:00', 'admin', 'Bière', 0, 0),
(4047, '2016-10-06 22:00:00', 'admin', 'Bière', 0, 0),
(4048, '2016-10-06 22:00:00', 'admin', 'Bière', 0, 0),
(4049, '2016-10-06 22:00:00', 'admin', 'Bière', 0, 0),
(4050, '2016-10-06 22:00:00', 'admin', 'Bière', 0, 0),
(4051, '2016-10-06 22:00:00', 'admin', 'Bière', 0, 0),
(4052, '2016-10-06 22:00:00', 'admin', 'Bière', 0, 0),
(4053, '2016-10-06 22:00:00', 'admin', 'Bière', 0, 0),
(4054, '2016-10-06 22:00:00', 'admin', 'Bière', 0, 0),
(4055, '2016-10-06 22:00:00', 'admin', 'Bière', 0, 0),
(4056, '2016-10-06 22:00:00', 'admin', 'Bière', 0, 0),
(4057, '2016-10-06 22:00:00', 'admin', 'Bière', 0, 0),
(4058, '2016-10-06 22:00:00', 'admin', 'Bière', 0, 0),
(4059, '2016-10-06 22:00:00', 'admin', 'Bière', 0, 0),
(4060, '2016-10-06 22:00:00', 'admin', 'Bière', 0, 0),
(4061, '2016-10-06 22:00:00', 'admin', 'Bière', 0, 0),
(4062, '2016-10-06 22:00:00', 'admin', 'Bière', 0, 0),
(4063, '2016-10-06 22:00:00', 'admin', 'Bière', 0, 0),
(4064, '2016-10-06 22:00:00', 'admin', 'Bière', 0, 0),
(4065, '2016-10-06 22:00:00', 'admin', 'Bière', 0, 0),
(4066, '2016-10-06 22:00:00', 'admin', 'Bière', 0, 0),
(4067, '2016-10-06 22:00:00', 'admin', 'Bière', 0, 0),
(4068, '2016-10-06 22:00:00', 'admin', 'Bière', 0, 0),
(4069, '2016-10-06 22:00:00', 'admin', 'Bière', 0, 0),
(4070, '2016-10-06 22:00:00', 'admin', 'Bière', 0, 0),
(4071, '2016-10-06 22:00:00', 'admin', 'Bière', 0, 0),
(4072, '2016-10-06 22:00:00', 'admin', 'Bière', 0, 0),
(4073, '2016-10-06 22:00:00', 'admin', 'Bière', 0, 0),
(4074, '2016-10-06 22:00:00', 'admin', 'Bière', 0, 0),
(4075, '2016-10-06 22:00:00', 'admin', 'Bière', 0, 0),
(4076, '2016-10-06 22:00:00', 'admin', 'Bière', 0, 0),
(4077, '2016-10-06 22:00:00', 'admin', 'Bière', 0, 0),
(4078, '2016-10-06 22:00:00', 'admin', 'Bière', 0, 0),
(4079, '2016-10-06 22:00:00', 'admin', 'Bière', 0, 0),
(4080, '2016-10-06 22:00:00', 'admin', 'Bière', 0, 0),
(4081, '2016-10-06 22:00:00', 'admin', 'Bière', 0, 0),
(4082, '2016-10-06 22:00:00', 'admin', 'Bière', 0, 0),
(4083, '2016-10-06 22:00:00', 'admin', 'Bière', 0, 0),
(4085, '2016-10-06 22:00:00', 'admin', 'Blanc', 0, 0),
(4086, '2016-10-06 22:00:00', 'admin', 'Blanc', 0, 0),
(4087, '2016-10-06 22:00:00', 'admin', 'Blanc', 0, 0),
(4088, '2016-10-06 22:00:00', 'admin', 'Blanc', 0, 0),
(4089, '2016-10-06 22:00:00', 'admin', 'Blanc', 0, 0),
(4090, '2016-10-06 22:00:00', 'admin', 'Blanc', 0, 0),
(4091, '2016-10-06 22:00:00', 'admin', 'Blanc', 0, 0),
(4092, '2016-10-06 22:00:00', 'admin', 'Blanc', 0, 0),
(4093, '2016-10-06 22:00:00', 'admin', 'Blanc', 0, 0),
(4094, '2016-10-06 22:00:00', 'admin', 'Blanc', 0, 0),
(4095, '2016-10-06 22:00:00', 'admin', 'Blanc', 0, 0),
(4096, '2016-10-06 22:00:00', 'admin', 'Blanc', 0, 0),
(4097, '2016-10-06 22:00:00', 'admin', 'Blanc', 0, 0),
(4098, '2016-10-06 22:00:00', 'admin', 'Blanc', 0, 0),
(4099, '2016-10-06 22:00:00', 'admin', 'Blanc', 0, 0),
(4100, '2016-10-06 22:00:00', 'admin', 'Blanc', 0, 0),
(4101, '2016-10-06 22:00:00', 'admin', 'Blanc', 0, 0),
(4102, '2016-10-06 22:00:00', 'admin', 'Blanc', 0, 0),
(4103, '2016-10-06 22:00:00', 'admin', 'Blanc', 0, 0),
(4104, '2016-10-06 22:00:00', 'admin', 'Blanc', 0, 0),
(4105, '2016-10-06 22:00:00', 'admin', 'Blanc', 0, 0),
(4106, '2016-10-06 22:00:00', 'admin', 'Blanc', 0, 0),
(4107, '2016-10-06 22:00:00', 'admin', 'Blanc', 0, 0),
(4108, '2016-10-06 22:00:00', 'admin', 'Blanc', 0, 0),
(4109, '2016-10-06 22:00:00', 'admin', 'Blanc', 0, 0),
(4110, '2016-10-06 22:00:00', 'admin', 'Blanc', 0, 0),
(4111, '2016-10-06 22:00:00', 'admin', 'Blanc', 0, 0),
(4112, '2016-10-06 22:00:00', 'admin', 'Blanc', 0, 0),
(4113, '2016-10-06 22:00:00', 'admin', 'Blanc', 0, 0),
(4114, '2016-10-06 22:00:00', 'admin', 'Blanc', 0, 0),
(4115, '2016-10-06 22:00:00', 'admin', 'Blanc', 0, 0),
(4116, '2016-10-06 22:00:00', 'admin', 'Blanc', 0, 0),
(4117, '2016-10-06 22:00:00', 'admin', 'Blanc', 0, 0),
(4118, '2016-10-06 22:00:00', 'admin', 'Blanc', 0, 0),
(4119, '2016-10-06 22:00:00', 'admin', 'Blanc', 0, 0),
(4120, '2016-10-06 22:00:00', 'admin', 'Blanc', 0, 0),
(4121, '2016-10-06 22:00:00', 'admin', 'Blanc', 0, 0),
(4122, '2016-10-06 22:00:00', 'admin', 'Blanc', 0, 0),
(4123, '2016-10-06 22:00:00', 'admin', 'Blanc', 0, 0),
(4124, '2016-10-06 22:00:00', 'admin', 'Blanc', 0, 0),
(4125, '2016-10-06 22:00:00', 'admin', 'Blanc', 0, 0),
(4126, '2016-10-06 22:00:00', 'admin', 'Blanc', 0, 0),
(4127, '2016-10-06 22:00:00', 'admin', 'Rouge', 0, 0),
(4128, '2016-10-06 22:00:00', 'admin', 'Rouge', 0, 0),
(4129, '2016-10-06 22:00:00', 'admin', 'Rouge', 0, 0),
(4130, '2016-10-06 22:00:00', 'admin', 'Rouge', 0, 0),
(4131, '2016-10-06 22:00:00', 'admin', 'Rouge', 0, 0),
(4132, '2016-10-06 22:00:00', 'admin', 'Rouge', 0, 0),
(4133, '2016-10-06 22:00:00', 'admin', 'Rouge', 0, 0),
(4134, '2016-10-06 22:00:00', 'admin', 'Rouge', 0, 0),
(4135, '2016-10-06 22:00:00', 'admin', 'Rouge', 0, 0),
(4136, '2016-10-06 22:00:00', 'admin', 'Rouge', 0, 0),
(4137, '2016-10-06 22:00:00', 'admin', 'Rouge', 0, 0),
(4138, '2016-10-06 22:00:00', 'admin', 'Ice Tea', 0, 0),
(4139, '2016-10-06 22:00:00', 'admin', 'Ice Tea', 0, 0),
(4140, '2016-10-06 22:00:00', 'admin', 'Planche', 0, 0),
(4141, '2016-10-06 22:00:00', 'admin', 'Planche', 0, 0),
(4142, '2016-10-06 22:00:00', 'admin', 'Planche', 0, 0),
(4143, '2016-10-06 22:00:00', 'admin', 'Planche', 0, 0),
(4144, '2016-10-06 22:00:00', 'admin', 'Planche', 0, 0),
(4145, '2016-10-06 22:00:00', 'admin', 'Orangina', 0, 0),
(4146, '2016-10-06 22:00:00', 'admin', 'Orangina', 0, 0),
(4147, '2016-10-06 22:00:00', 'admin', 'Orangina', 0, 0),
(4148, '2016-10-06 22:00:00', 'admin', 'Coca', 0, 0),
(4149, '2016-10-06 22:00:00', 'admin', 'Coca', 0, 0),
(4150, '2016-10-06 22:00:00', 'admin', 'Twix', 0, 0),
(4151, '2016-10-06 22:00:00', 'admin', 'Snickers', 0, 0),
(4152, '2016-10-07 22:00:00', 'admin', 'Café gris', 0, 0),
(4153, '2016-10-07 22:00:00', 'admin', 'Café gris', 0, 0),
(4154, '2016-10-07 22:00:00', 'admin', 'Café gris', 0, 0),
(4155, '2016-10-07 22:00:00', 'admin', 'Café gris', 0, 0),
(4156, '2016-10-07 22:00:00', 'admin', 'Café gris', 0, 0),
(4157, '2016-10-07 22:00:00', 'admin', 'Café gris', 0, 0),
(4158, '2016-10-07 22:00:00', 'admin', 'Café gris', 0, 0),
(4159, '2016-10-07 22:00:00', 'admin', 'Café gris', 0, 0),
(4160, '2016-10-07 22:00:00', 'admin', 'Café gris', 0, 0),
(4161, '2016-10-07 22:00:00', 'admin', 'Café gris', 0, 0),
(4162, '2016-10-07 22:00:00', 'admin', 'Café gris', 0, 0),
(4163, '2016-10-07 22:00:00', 'admin', 'Café gris', 0, 0),
(4164, '2016-10-07 22:00:00', 'admin', 'Déca', 0, 0),
(4165, '2016-10-07 22:00:00', 'admin', 'Déca', 0, 0),
(4166, '2016-10-07 22:00:00', 'admin', 'Thé', 0, 0),
(4167, '2016-10-07 22:00:00', 'admin', 'Chocolat / Lait', 0, 0),
(4168, '2016-10-08 22:00:00', 'admin', 'Café gris', 0, 0),
(4169, '2016-10-08 22:00:00', 'admin', 'Café gris', 0, 0),
(4170, '2016-10-08 22:00:00', 'admin', 'Café gris', 0, 0),
(4171, '2016-10-08 22:00:00', 'admin', 'Café gris', 0, 0),
(4172, '2016-10-08 22:00:00', 'admin', 'Café gris', 0, 0),
(4173, '2016-10-08 22:00:00', 'admin', 'Café gris', 0, 0),
(4174, '2016-10-08 22:00:00', 'admin', 'Café gris', 0, 0),
(4175, '2016-10-08 22:00:00', 'admin', 'Café gris', 0, 0),
(4176, '2016-10-08 22:00:00', 'admin', 'Café gris', 0, 0),
(4177, '2016-10-08 22:00:00', 'admin', 'Café gris', 0, 0),
(4178, '2016-10-08 22:00:00', 'admin', 'Eau', 0, 0),
(4179, '2016-10-08 22:00:00', 'admin', 'Chocolat / Lait', 0, 0),
(4180, '2016-10-08 22:00:00', 'admin', 'Déca', 0, 0),
(4181, '2016-10-08 22:00:00', 'admin', 'Chips', 0, 0),
(4182, '2016-10-08 22:00:00', 'admin', 'Thé', 0, 0),
(4183, '2016-10-09 22:00:00', 'admin', 'Café gris', 0, 0),
(4184, '2016-10-09 22:00:00', 'admin', 'Café gris', 0, 0),
(4185, '2016-10-09 22:00:00', 'admin', 'Café gris', 0, 0),
(4186, '2016-10-09 22:00:00', 'admin', 'Café gris', 0, 0),
(4187, '2016-10-09 22:00:00', 'admin', 'Café gris', 0, 0),
(4188, '2016-10-09 22:00:00', 'admin', 'Café gris', 0, 0),
(4189, '2016-10-09 22:00:00', 'admin', 'Coca', 0, 0),
(4190, '2016-10-09 22:00:00', 'admin', 'Snickers', 0, 0),
(4191, '2016-10-09 22:00:00', 'admin', 'Snickers', 0, 0),
(4192, '2016-10-09 22:00:00', 'admin', 'Eau', 0, 0),
(4193, '2016-10-10 22:00:00', 'admin', 'Café gris', 0, 0),
(4194, '2016-10-10 22:00:00', 'admin', 'Café gris', 0, 0),
(4195, '2016-10-10 22:00:00', 'admin', 'Café gris', 0, 0),
(4196, '2016-10-10 22:00:00', 'admin', 'Café gris', 0, 0),
(4197, '2016-10-10 22:00:00', 'admin', 'Café gris', 0, 0),
(4198, '2016-10-10 22:00:00', 'admin', 'Café gris', 0, 0),
(4199, '2016-10-10 22:00:00', 'admin', 'Café gris', 0, 0),
(4200, '2016-10-10 22:00:00', 'admin', 'Café gris', 0, 0),
(4201, '2016-10-10 22:00:00', 'admin', 'Café gris', 0, 0),
(4202, '2016-10-11 22:00:00', 'admin', 'Café gris', 0, 0),
(4203, '2016-10-11 22:00:00', 'admin', 'Café gris', 0, 0),
(4204, '2016-10-11 22:00:00', 'admin', 'Café gris', 0, 0),
(4205, '2016-10-11 22:00:00', 'admin', 'Café gris', 0, 0),
(4206, '2016-10-11 22:00:00', 'admin', 'Café gris', 0, 0),
(4207, '2016-10-11 22:00:00', 'admin', 'Café gris', 0, 0),
(4208, '2016-10-11 22:00:00', 'admin', 'Café gris', 0, 0),
(4209, '2016-10-11 22:00:00', 'admin', 'Thé', 0, 0),
(4210, '2016-10-12 22:00:00', 'admin', 'Thé', 0, 0),
(4211, '2016-10-12 22:00:00', 'admin', 'Thé', 0, 0),
(4212, '2016-10-12 22:00:00', 'admin', 'Café gris', 0, 0),
(4213, '2016-10-12 22:00:00', 'admin', 'Chocolat / Lait', 0, 0),
(4214, '2016-10-13 22:00:00', 'admin', 'Café gris', 0, 0),
(4215, '2016-10-13 22:00:00', 'admin', 'Café gris', 0, 0),
(4216, '2016-10-13 22:00:00', 'admin', 'Café gris', 0, 0),
(4217, '2016-10-13 22:00:00', 'admin', 'Café gris', 0, 0),
(4218, '2016-10-14 22:00:00', 'admin', 'Café gris', 0, 0),
(4219, '2016-10-14 22:00:00', 'admin', 'Café gris', 0, 0),
(4220, '2016-10-14 22:00:00', 'admin', 'Café gris', 0, 0),
(4221, '2016-10-14 22:00:00', 'admin', 'Café gris', 0, 0),
(4222, '2016-10-14 22:00:00', 'admin', 'Café gris', 0, 0),
(4223, '2016-10-14 22:00:00', 'admin', 'Café gris', 0, 0),
(4224, '2016-10-14 22:00:00', 'admin', 'Thé', 0, 0),
(4225, '2016-10-14 22:00:00', 'admin', 'Thé', 0, 0),
(4226, '2016-10-14 22:00:00', 'admin', 'Thé', 0, 0),
(4227, '2016-10-14 22:00:00', 'admin', 'Chocolat / Lait', 0, 0),
(4228, '2016-10-14 22:00:00', 'admin', 'Eau', 0, 0),
(4229, '2016-10-14 22:00:00', 'admin', 'Snickers', 0, 0),
(4230, '2016-10-14 22:00:00', 'admin', 'Snickers', 0, 0),
(4231, '2016-10-15 22:00:00', 'admin', 'Coca', 0, 0),
(4232, '2016-10-15 22:00:00', 'admin', 'Coca', 0, 0),
(4233, '2016-10-15 22:00:00', 'admin', 'Coca zero', 0, 0),
(4234, '2016-10-16 22:00:00', 'admin', 'Café gris', 0, 0),
(4235, '2016-10-16 22:00:00', 'admin', 'Café gris', 0, 0),
(4236, '2016-10-16 22:00:00', 'admin', 'Café gris', 0, 0),
(4237, '2016-10-17 22:00:00', 'admin', 'Café gris', 0, 0),
(4238, '2016-10-17 22:00:00', 'admin', 'Coca', 0, 0),
(4239, '2016-10-17 22:00:00', 'admin', 'Mars', 0, 0),
(4240, '2016-10-18 22:00:00', 'admin', 'Café gris', 0, 0),
(4241, '2016-10-18 22:00:00', 'admin', 'Café gris', 0, 0),
(4242, '2016-10-18 22:00:00', 'admin', 'Café gris', 0, 0),
(4243, '2016-10-18 22:00:00', 'admin', 'Café gris', 0, 0),
(4244, '2016-10-18 22:00:00', 'admin', 'Café gris', 0, 0),
(4245, '2016-10-18 22:00:00', 'admin', 'Café gris', 0, 0),
(4246, '2016-10-18 22:00:00', 'admin', 'Eau', 0, 0),
(4247, '2016-10-19 22:00:00', 'admin', 'Café gris', 0, 0),
(4248, '2016-10-19 22:00:00', 'admin', 'Café gris', 0, 0),
(4249, '2016-10-19 22:00:00', 'admin', 'Café gris', 0, 0),
(4250, '2016-10-19 22:00:00', 'admin', 'Thé', 0, 0),
(4251, '2016-10-19 22:00:00', 'admin', 'Thé', 0, 0),
(4252, '2016-10-19 22:00:00', 'admin', 'Thé', 0, 0),
(4253, '2016-10-19 22:00:00', 'admin', 'Thé', 0, 0),
(4254, '2016-10-19 22:00:00', 'admin', 'Thé', 0, 0),
(4255, '2016-10-19 22:00:00', 'admin', 'Thé', 0, 0),
(4256, '2016-10-20 22:00:00', 'admin', 'Café gris', 0, 0),
(4257, '2016-10-20 22:00:00', 'admin', 'Café gris', 0, 0),
(4258, '2016-10-20 22:00:00', 'admin', 'Café gris', 0, 0),
(4259, '2016-10-23 22:00:00', 'admin', 'Café gris', 0, 0),
(4260, '2016-10-24 22:00:00', 'admin', 'Eau', 0, 0),
(4261, '2016-10-25 22:00:00', 'admin', 'Chocolat / Lait', 0, 0),
(4262, '2016-10-25 22:00:00', 'admin', 'Café gris', 0, 0),
(4263, '2016-10-25 22:00:00', 'admin', 'Café gris', 0, 0),
(4264, '2016-10-25 22:00:00', 'admin', 'Café gris', 0, 0),
(4265, '2016-10-25 22:00:00', 'admin', 'Café gris', 0, 0),
(4266, '2016-10-25 22:00:00', 'admin', 'Café gris', 0, 0),
(4267, '2016-10-25 22:00:00', 'admin', 'Café gris', 0, 0),
(4268, '2016-10-27 22:00:00', 'admin', 'Café gris', 0, 0),
(4269, '2016-10-27 22:00:00', 'admin', 'Café gris', 0, 0),
(4270, '2016-10-27 22:00:00', 'admin', 'Café gris', 0, 0),
(4271, '2016-10-27 22:00:00', 'admin', 'Café gris', 0, 0),
(4272, '2016-10-27 22:00:00', 'admin', 'Café gris', 0, 0),
(4273, '2016-10-27 22:00:00', 'admin', 'Café gris', 0, 0),
(4274, '2016-10-27 22:00:00', 'admin', 'Café gris', 0, 0),
(4275, '2016-10-27 22:00:00', 'admin', 'Café gris', 0, 0),
(4276, '2016-10-27 22:00:00', 'admin', 'Twix', 0, 0),
(4277, '2016-10-27 22:00:00', 'admin', 'Thé', 0, 0),
(4278, '2016-11-01 23:00:00', 'admin', 'Café gris', 0, 0),
(4279, '2016-11-01 23:00:00', 'admin', 'Café gris', 0, 0),
(4280, '2016-11-01 23:00:00', 'admin', 'Café gris', 0, 0),
(4281, '2016-11-01 23:00:00', 'admin', 'Café gris', 0, 0),
(4282, '2016-11-01 23:00:00', 'admin', 'Café gris', 0, 0),
(4283, '2016-11-01 23:00:00', 'admin', 'Snickers', 0, 0),
(4284, '2016-11-01 23:00:00', 'admin', 'Eau', 0, 0),
(4285, '2016-11-01 23:00:00', 'admin', 'Twix', 0, 0),
(4286, '2016-11-01 23:00:00', 'admin', 'Coca', 0, 0),
(4287, '2016-11-02 23:00:00', 'admin', 'Thé', 0, 0),
(4288, '2016-11-02 23:00:00', 'admin', 'Thé', 0, 0),
(4289, '2016-11-02 23:00:00', 'admin', 'Café gris', 0, 0),
(4290, '2016-11-02 23:00:00', 'admin', 'Café gris', 0, 0),
(4291, '2016-11-02 23:00:00', 'admin', 'Café gris', 0, 0),
(4292, '2016-11-02 23:00:00', 'admin', 'Café gris', 0, 0),
(4293, '2016-11-02 23:00:00', 'admin', 'Snickers', 0, 0),
(4294, '2016-11-04 23:00:00', 'admin', 'Café gris', 0, 0),
(4295, '2016-11-04 23:00:00', 'admin', 'Café gris', 0, 0),
(4296, '2016-11-04 23:00:00', 'admin', 'Café gris', 0, 0),
(4297, '2016-11-04 23:00:00', 'admin', 'Café gris', 0, 0),
(4298, '2016-11-04 23:00:00', 'admin', 'Café gris', 0, 0),
(4299, '2016-11-04 23:00:00', 'admin', 'Café gris', 0, 0),
(4300, '2016-11-04 23:00:00', 'admin', 'Café gris', 0, 0),
(4301, '2016-11-04 23:00:00', 'admin', 'Café gris', 0, 0),
(4302, '2016-11-04 23:00:00', 'admin', 'Café gris', 0, 0),
(4303, '2016-11-05 23:00:00', 'admin', 'Café gris', 0, 0),
(4304, '2016-11-05 23:00:00', 'admin', 'Café gris', 0, 0),
(4305, '2016-11-05 23:00:00', 'admin', 'Café gris', 0, 0),
(4306, '2016-11-05 23:00:00', 'admin', 'Café gris', 0, 0),
(4307, '2016-11-05 23:00:00', 'admin', 'Café gris', 0, 0),
(4308, '2016-11-05 23:00:00', 'admin', 'Café gris', 0, 0),
(4309, '2016-11-05 23:00:00', 'admin', 'Café gris', 0, 0),
(4310, '2016-11-05 23:00:00', 'admin', 'Café gris', 0, 0),
(4311, '2016-11-05 23:00:00', 'admin', 'Café gris', 0, 0),
(4312, '2016-11-05 23:00:00', 'admin', 'Café gris', 0, 0),
(4313, '2016-11-05 23:00:00', 'admin', 'Café gris', 0, 0),
(4314, '2016-11-05 23:00:00', 'admin', 'Café gris', 0, 0),
(4315, '2016-11-05 23:00:00', 'admin', 'Café gris', 0, 0),
(4316, '2016-11-05 23:00:00', 'admin', 'Café gris', 0, 0),
(4317, '2016-11-05 23:00:00', 'admin', 'Café gris', 0, 0),
(4318, '2016-11-05 23:00:00', 'admin', 'Café gris', 0, 0),
(4319, '2016-11-05 23:00:00', 'admin', 'Café gris', 0, 0),
(4320, '2016-11-05 23:00:00', 'admin', 'Café gris', 0, 0),
(4321, '2016-11-05 23:00:00', 'admin', 'Café gris', 0, 0),
(4322, '2016-11-05 23:00:00', 'admin', 'Café gris', 0, 0),
(4323, '2016-11-05 23:00:00', 'admin', 'Café gris', 0, 0),
(4324, '2016-11-05 23:00:00', 'admin', 'Café gris', 0, 0),
(4325, '2016-11-05 23:00:00', 'admin', 'Chocolat / Lait', 0, 0),
(4326, '2016-11-05 23:00:00', 'admin', 'Chocolat / Lait', 0, 0),
(4327, '2016-11-06 23:00:00', 'admin', 'Café gris', 0, 0),
(4328, '2016-11-06 23:00:00', 'admin', 'Coca', 0, 0),
(4329, '2016-11-06 23:00:00', 'admin', 'Déca', 0, 0),
(4330, '2016-11-06 23:00:00', 'admin', 'Déca', 0, 0),
(4331, '2016-11-06 23:00:00', 'admin', 'Thé', 0, 0),
(4332, '2016-11-07 23:00:00', 'admin', 'Café gris', 0, 0),
(4333, '2016-11-07 23:00:00', 'admin', 'Café gris', 0, 0),
(4334, '2016-11-08 23:00:00', 'admin', 'Café gris', 0, 0),
(4335, '2016-11-08 23:00:00', 'admin', 'Café gris', 0, 0),
(4336, '2016-11-08 23:00:00', 'admin', 'Thé', 0, 0),
(4337, '2016-11-08 23:00:00', 'admin', 'Eau', 0, 0),
(4338, '2016-11-08 23:00:00', 'admin', 'Eau', 0, 0),
(4339, '2016-11-09 23:00:00', 'admin', 'Café gris', 0, 0),
(4340, '2016-11-09 23:00:00', 'admin', 'Café gris', 0, 0),
(4341, '2016-11-09 23:00:00', 'admin', 'Chocolat / Lait', 0, 0),
(4342, '2016-11-11 23:00:00', 'admin', 'Café gris', 0, 0),
(4343, '2016-11-13 23:00:00', 'admin', 'Café gris', 0, 0),
(4344, '2016-11-13 23:00:00', 'admin', 'Café gris', 0, 0),
(4345, '2016-11-13 23:00:00', 'admin', 'Café gris', 0, 0),
(4346, '2016-11-13 23:00:00', 'admin', 'Thé', 0, 0),
(4347, '2016-11-13 23:00:00', 'admin', 'Thé', 0, 0),
(4348, '2016-11-13 23:00:00', 'admin', 'Thé', 0, 0),
(4349, '2016-11-14 23:00:00', 'admin', 'Orangina', 0, 0),
(4350, '2016-11-15 23:00:00', 'admin', 'Café gris', 0, 0),
(4351, '2016-11-15 23:00:00', 'admin', 'Café gris', 0, 0),
(4352, '2016-11-15 23:00:00', 'admin', 'Café gris', 0, 0),
(4353, '2016-11-15 23:00:00', 'admin', 'Café gris', 0, 0),
(4354, '2016-11-16 23:00:00', 'admin', 'Café gris', 0, 0),
(4355, '2016-11-16 23:00:00', 'admin', 'Café gris', 0, 0),
(4356, '2016-11-16 23:00:00', 'admin', 'Café gris', 0, 0),
(4357, '2016-11-16 23:00:00', 'admin', 'Café gris', 0, 0),
(4358, '2016-11-16 23:00:00', 'admin', 'Café gris', 0, 0),
(4359, '2016-11-16 23:00:00', 'admin', 'Café gris', 0, 0),
(4360, '2016-11-16 23:00:00', 'admin', 'Café gris', 0, 0),
(4361, '2016-11-16 23:00:00', 'admin', 'Café gris', 0, 0),
(4362, '2016-11-16 23:00:00', 'admin', 'Café gris', 0, 0),
(4363, '2016-11-16 23:00:00', 'admin', 'Café gris', 0, 0),
(4364, '2016-11-16 23:00:00', 'admin', 'Coca zero', 0, 0),
(4365, '2016-11-16 23:00:00', 'admin', 'Twix', 0, 0),
(4366, '2016-11-18 23:00:00', 'admin', 'Café gris', 0, 0),
(4367, '2016-11-18 23:00:00', 'admin', 'Café gris', 0, 0),
(4368, '2016-11-18 23:00:00', 'admin', 'Café gris', 0, 0),
(4369, '2016-11-18 23:00:00', 'admin', 'Café gris', 0, 0),
(4370, '2016-11-18 23:00:00', 'admin', 'Café gris', 0, 0),
(4371, '2016-11-18 23:00:00', 'admin', 'Café gris', 0, 0),
(4372, '2016-11-18 23:00:00', 'admin', 'Thé', 0, 0),
(4373, '2016-11-18 23:00:00', 'admin', 'Chocolat / Lait', 0, 0),
(4374, '2016-11-20 23:00:00', 'admin', 'Snickers', 0, 0),
(4375, '2016-11-20 23:00:00', 'admin', 'Snickers', 0, 0),
(4376, '2016-11-20 23:00:00', 'admin', 'Coca zero', 0, 0),
(4377, '2016-11-22 23:00:00', 'admin', 'Café gris', 0, 0),
(4378, '2016-11-22 23:00:00', 'admin', 'Café gris', 0, 0),
(4379, '2016-11-22 23:00:00', 'admin', 'Café gris', 0, 0),
(4380, '2016-11-23 23:00:00', 'admin', 'Café gris', 0, 0),
(4381, '2016-11-23 23:00:00', 'admin', 'Café gris', 0, 0),
(4382, '2016-11-23 23:00:00', 'admin', 'Café gris', 0, 0),
(4383, '2016-11-23 23:00:00', 'admin', 'Café gris', 0, 0),
(4384, '2016-11-23 23:00:00', 'admin', 'Café gris', 0, 0),
(4385, '2016-11-23 23:00:00', 'admin', 'Chocolat / Lait', 0, 0),
(4386, '2016-11-23 23:00:00', 'admin', 'Thé', 0, 0),
(4387, '2016-11-23 23:00:00', 'admin', 'Thé', 0, 0),
(4388, '2016-11-25 23:00:00', 'admin', 'Twix', 0, 0),
(4389, '2016-11-29 23:00:00', 'admin', 'Café gris', 0, 0),
(4390, '2016-11-29 23:00:00', 'admin', 'Café gris', 0, 0),
(4391, '2016-11-29 23:00:00', 'admin', 'Café gris', 0, 0),
(4392, '2016-11-29 23:00:00', 'admin', 'Thé', 0, 0),
(4393, '2016-11-29 23:00:00', 'admin', 'Thé', 0, 0),
(4394, '2016-11-29 23:00:00', 'admin', 'Eau', 0, 0),
(4395, '2016-11-29 23:00:00', 'admin', 'Eau', 0, 0),
(4396, '2016-11-30 23:00:00', 'admin', 'Thé', 0, 0),
(4397, '2016-11-30 23:00:00', 'admin', 'Thé', 0, 0),
(4398, '2016-11-30 23:00:00', 'admin', 'Thé', 0, 0),
(4399, '2016-11-30 23:00:00', 'admin', 'Thé', 0, 0),
(4400, '2016-11-30 23:00:00', 'admin', 'Thé', 0, 0),
(4401, '2016-11-30 23:00:00', 'admin', 'Café gris', 0, 0),
(4402, '2016-11-30 23:00:00', 'admin', 'Coca', 0, 0),
(4403, '2016-12-02 23:00:00', 'admin', 'Café gris', 0, 0),
(4404, '2016-12-02 23:00:00', 'admin', 'Café gris', 0, 0),
(4405, '2016-12-02 23:00:00', 'admin', 'Café gris', 0, 0),
(4406, '2016-12-02 23:00:00', 'admin', 'Café gris', 0, 0),
(4407, '2016-12-02 23:00:00', 'admin', 'Café gris', 0, 0),
(4408, '2016-12-02 23:00:00', 'admin', 'Café gris', 0, 0),
(4409, '2016-12-02 23:00:00', 'admin', 'Café gris', 0, 0),
(4410, '2016-12-02 23:00:00', 'admin', 'Café gris', 0, 0),
(4411, '2016-12-02 23:00:00', 'admin', 'Café gris', 0, 0),
(4412, '2016-12-02 23:00:00', 'admin', 'Café gris', 0, 0),
(4413, '2016-12-03 23:00:00', 'admin', 'Café gris', 0, 0),
(4414, '2016-12-03 23:00:00', 'admin', 'Café gris', 0, 0),
(4415, '2016-12-03 23:00:00', 'admin', 'Café gris', 0, 0),
(4416, '2016-12-03 23:00:00', 'admin', 'Coca zero', 0, 0),
(4417, '2016-12-04 23:00:00', 'admin', 'Café gris', 0, 0),
(4418, '2016-12-04 23:00:00', 'admin', 'Café gris', 0, 0),
(4419, '2016-12-04 23:00:00', 'admin', 'Café gris', 0, 0),
(4420, '2016-12-04 23:00:00', 'admin', 'Café gris', 0, 0),
(4421, '2016-12-04 23:00:00', 'admin', 'Café gris', 0, 0),
(4422, '2016-12-04 23:00:00', 'admin', 'Café gris', 0, 0),
(4423, '2016-12-04 23:00:00', 'admin', 'Eau', 0, 0),
(4424, '2016-12-05 23:00:00', 'admin', 'Café gris', 0, 0),
(4425, '2016-12-05 23:00:00', 'admin', 'Café gris', 0, 0),
(4426, '2016-12-05 23:00:00', 'admin', 'Café gris', 0, 0),
(4427, '2016-12-05 23:00:00', 'admin', 'Café gris', 0, 0),
(4428, '2016-12-05 23:00:00', 'admin', 'Café gris', 0, 0),
(4429, '2016-12-05 23:00:00', 'admin', 'Café gris', 0, 0),
(4430, '2016-12-05 23:00:00', 'admin', 'Café gris', 0, 0),
(4431, '2016-12-06 23:00:00', 'admin', 'Café gris', 0, 0),
(4432, '2016-12-06 23:00:00', 'admin', 'Café gris', 0, 0),
(4433, '2016-12-06 23:00:00', 'admin', 'Café gris', 0, 0),
(4434, '2016-12-06 23:00:00', 'admin', 'Café gris', 0, 0),
(4435, '2016-12-06 23:00:00', 'admin', 'Café gris', 0, 0),
(4436, '2016-12-06 23:00:00', 'admin', 'Café gris', 0, 0),
(4437, '2016-12-06 23:00:00', 'admin', 'Eau', 0, 0),
(4438, '2016-12-06 23:00:00', 'admin', 'Eau', 0, 0),
(4439, '2016-12-06 23:00:00', 'admin', 'Snickers', 0, 0),
(4440, '2016-12-07 23:00:00', 'admin', 'Thé', 0, 0),
(4441, '2016-12-07 23:00:00', 'admin', 'Thé', 0, 0),
(4442, '2016-12-07 23:00:00', 'admin', 'Thé', 0, 0),
(4443, '2016-12-07 23:00:00', 'admin', 'Chocolat / Lait', 0, 0),
(4444, '2016-12-07 23:00:00', 'admin', 'Café gris', 0, 0),
(4445, '2016-12-07 23:00:00', 'admin', 'Café gris', 0, 0),
(4446, '2016-12-07 23:00:00', 'admin', 'Café gris', 0, 0),
(4447, '2016-12-07 23:00:00', 'admin', 'Café gris', 0, 0),
(4448, '2016-12-07 23:00:00', 'admin', 'Coca zero', 0, 0),
(4449, '2016-12-09 23:00:00', 'admin', 'Café gris', 0, 0),
(4450, '2016-12-09 23:00:00', 'admin', 'Café gris', 0, 0),
(4451, '2016-12-11 23:00:00', 'admin', 'Chocolat / Lait', 0, 0),
(4452, '2016-12-11 23:00:00', 'admin', 'Chocolat / Lait', 0, 0),
(4453, '2016-12-13 23:00:00', 'admin', 'Café gris', 0, 0),
(4454, '2016-12-13 23:00:00', 'admin', 'Café gris', 0, 0),
(4455, '2016-12-13 23:00:00', 'admin', 'Café gris', 0, 0),
(4456, '2016-12-13 23:00:00', 'admin', 'Café gris', 0, 0),
(4457, '2016-12-13 23:00:00', 'admin', 'Café gris', 0, 0),
(4458, '2016-12-13 23:00:00', 'admin', 'Thé', 0, 0),
(4459, '2016-12-14 23:00:00', 'admin', 'Café gris', 0, 0),
(4460, '2016-12-14 23:00:00', 'admin', 'Café gris', 0, 0),
(4461, '2016-12-14 23:00:00', 'admin', 'Café gris', 0, 0),
(4462, '2016-12-14 23:00:00', 'admin', 'Thé', 0, 0),
(4463, '2016-12-14 23:00:00', 'admin', 'Thé', 0, 0),
(4464, '2016-12-14 23:00:00', 'admin', 'Thé', 0, 0),
(4465, '2016-12-14 23:00:00', 'admin', 'Thé', 0, 0),
(4466, '2016-12-16 23:00:00', 'admin', 'Café gris', 0, 0),
(4467, '2016-12-16 23:00:00', 'admin', 'Café gris', 0, 0),
(4468, '2016-12-16 23:00:00', 'admin', 'Café gris', 0, 0),
(4469, '2016-12-16 23:00:00', 'admin', 'Café gris', 0, 0),
(4470, '2016-12-16 23:00:00', 'admin', 'Café gris', 0, 0),
(4471, '2016-12-16 23:00:00', 'admin', 'Café gris', 0, 0),
(4472, '2016-12-16 23:00:00', 'admin', 'Café gris', 0, 0),
(4473, '2016-12-16 23:00:00', 'admin', 'Chocolat / Lait', 0, 0),
(4474, '2016-12-16 23:00:00', 'admin', 'Chocolat / Lait', 0, 0),
(4475, '2016-12-16 23:00:00', 'admin', 'Snickers', 0, 0),
(4476, '2016-12-16 23:00:00', 'admin', 'Snickers', 0, 0),
(4477, '2016-12-16 23:00:00', 'admin', 'Eau', 0, 0),
(4478, '2016-12-16 23:00:00', 'admin', 'Twix', 0, 0),
(4479, '2016-12-17 23:00:00', 'admin', 'Eau', 0, 0),
(4480, '2016-12-18 23:00:00', 'admin', 'Café gris', 0, 0),
(4481, '2016-12-18 23:00:00', 'admin', 'Café gris', 0, 0),
(4482, '2016-12-18 23:00:00', 'admin', 'Café gris', 0, 0),
(4483, '2016-12-18 23:00:00', 'admin', 'Café gris', 0, 0),
(4484, '2016-12-18 23:00:00', 'admin', 'Twix', 0, 0),
(4485, '2016-12-19 23:00:00', 'admin', 'Café gris', 0, 0),
(4486, '2016-12-19 23:00:00', 'admin', 'Café gris', 0, 0),
(4487, '2016-12-19 23:00:00', 'admin', 'Café gris', 0, 0),
(4488, '2016-12-19 23:00:00', 'admin', 'Café gris', 0, 0),
(4489, '2016-12-19 23:00:00', 'admin', 'Café gris', 0, 0),
(4490, '2016-12-19 23:00:00', 'admin', 'Café gris', 0, 0),
(4491, '2016-12-19 23:00:00', 'admin', 'Café gris', 0, 0),
(4492, '2016-12-20 23:00:00', 'admin', 'Café gris', 0, 0),
(4493, '2016-12-20 23:00:00', 'admin', 'Café gris', 0, 0),
(4494, '2017-01-01 23:00:00', 'admin', 'Café gris', 0, 0),
(4495, '2017-01-01 23:00:00', 'admin', 'Café gris', 0, 0),
(4496, '2017-01-01 23:00:00', 'admin', 'Café gris', 0, 0),
(4497, '2017-01-01 23:00:00', 'admin', 'Café gris', 0, 0),
(4498, '2017-01-01 23:00:00', 'admin', 'Café gris', 0, 0),
(4499, '2017-01-01 23:00:00', 'admin', 'Café gris', 0, 0),
(4500, '2017-01-01 23:00:00', 'admin', 'Café gris', 0, 0),
(4501, '2017-01-01 23:00:00', 'admin', 'Café gris', 0, 0),
(4502, '2017-01-01 23:00:00', 'admin', 'Café gris', 0, 0),
(4503, '2017-01-01 23:00:00', 'admin', 'Thé', 0, 0),
(4504, '2017-01-01 23:00:00', 'admin', 'Thé', 0, 0),
(4505, '2017-01-01 23:00:00', 'admin', 'Thé', 0, 0),
(4506, '2017-01-01 23:00:00', 'admin', 'Thé', 0, 0),
(4507, '2017-01-01 23:00:00', 'admin', 'Thé', 0, 0),
(4508, '2017-01-01 23:00:00', 'admin', 'Thé', 0, 0),
(4509, '2017-01-01 23:00:00', 'admin', 'Thé', 0, 0),
(4510, '2017-01-01 23:00:00', 'admin', 'Thé', 0, 0),
(4511, '2017-01-01 23:00:00', 'admin', 'Twix', 0, 0),
(4512, '2017-01-01 23:00:00', 'admin', 'Mars', 0, 0),
(4513, '2017-01-02 23:00:00', 'admin', 'Café gris', 0, 0),
(4514, '2017-01-02 23:00:00', 'admin', 'Café gris', 0, 0),
(4515, '2017-01-02 23:00:00', 'admin', 'Café gris', 0, 0),
(4516, '2017-01-02 23:00:00', 'admin', 'Café gris', 0, 0),
(4517, '2017-01-02 23:00:00', 'admin', 'Café gris', 0, 0),
(4518, '2017-01-02 23:00:00', 'admin', 'Café gris', 0, 0),
(4519, '2017-01-02 23:00:00', 'admin', 'Café gris', 0, 0),
(4520, '2017-01-02 23:00:00', 'admin', 'Café gris', 0, 0),
(4521, '2017-01-02 23:00:00', 'admin', 'Café gris', 0, 0),
(4522, '2017-01-02 23:00:00', 'admin', 'Café gris', 0, 0),
(4523, '2017-01-02 23:00:00', 'admin', 'Café gris', 0, 0),
(4524, '2017-01-02 23:00:00', 'admin', 'Thé', 0, 0),
(4525, '2017-01-02 23:00:00', 'admin', 'Thé', 0, 0),
(4526, '2017-01-02 23:00:00', 'admin', 'Thé', 0, 0),
(4527, '2017-01-02 23:00:00', 'admin', 'Thé', 0, 0),
(4528, '2017-01-02 23:00:00', 'admin', 'Thé', 0, 0),
(4529, '2017-01-02 23:00:00', 'admin', 'Coca zero', 0, 0),
(4530, '2017-01-02 23:00:00', 'admin', 'Twix', 0, 0),
(4531, '2017-01-03 23:00:00', 'admin', 'Café gris', 0, 0),
(4532, '2017-01-03 23:00:00', 'admin', 'Café gris', 0, 0),
(4533, '2017-01-03 23:00:00', 'admin', 'Café gris', 0, 0),
(4534, '2017-01-03 23:00:00', 'admin', 'Café gris', 0, 0),
(4535, '2017-01-03 23:00:00', 'admin', 'Café gris', 0, 0),
(4536, '2017-01-03 23:00:00', 'admin', 'Thé', 0, 0),
(4537, '2017-01-03 23:00:00', 'admin', 'Thé', 0, 0),
(4538, '2017-01-03 23:00:00', 'admin', 'Thé', 0, 0),
(4539, '2017-01-03 23:00:00', 'admin', 'Coca', 0, 0),
(4540, '2017-01-03 23:00:00', 'admin', 'Coca', 0, 0),
(4541, '2017-01-04 23:00:00', 'admin', 'Thé', 0, 0),
(4542, '2017-01-04 23:00:00', 'admin', 'Thé', 0, 0),
(4543, '2017-01-04 23:00:00', 'admin', 'Thé', 0, 0),
(4544, '2017-01-04 23:00:00', 'admin', 'Thé', 0, 0),
(4545, '2017-01-04 23:00:00', 'admin', 'Thé', 0, 0),
(4546, '2017-01-04 23:00:00', 'admin', 'Café gris', 0, 0),
(4547, '2017-01-04 23:00:00', 'admin', 'Café gris', 0, 0),
(4548, '2017-01-04 23:00:00', 'admin', 'Café gris', 0, 0),
(4549, '2017-01-04 23:00:00', 'admin', 'Café gris', 0, 0),
(4550, '2017-01-04 23:00:00', 'admin', 'Café gris', 0, 0),
(4551, '2017-01-04 23:00:00', 'admin', 'Café gris', 0, 0),
(4552, '2017-01-04 23:00:00', 'admin', 'Café gris', 0, 0),
(4553, '2017-01-04 23:00:00', 'admin', 'Café gris', 0, 0),
(4554, '2017-01-04 23:00:00', 'admin', 'Café gris', 0, 0),
(4555, '2017-01-04 23:00:00', 'admin', 'Café gris', 0, 0),
(4556, '2017-01-04 23:00:00', 'admin', 'Café gris', 0, 0),
(4557, '2017-01-04 23:00:00', 'admin', 'Coca', 0, 0),
(4558, '2017-01-04 23:00:00', 'admin', 'Eau', 0, 0),
(4559, '2017-01-05 23:00:00', 'admin', 'Café gris', 0, 0),
(4560, '2017-01-05 23:00:00', 'admin', 'Café gris', 0, 0),
(4561, '2017-01-05 23:00:00', 'admin', 'Café gris', 0, 0),
(4562, '2017-01-05 23:00:00', 'admin', 'Café gris', 0, 0),
(4563, '2017-01-05 23:00:00', 'admin', 'Café gris', 0, 0),
(4564, '2017-01-05 23:00:00', 'admin', 'Café gris', 0, 0),
(4565, '2017-01-05 23:00:00', 'admin', 'Café gris', 0, 0),
(4566, '2017-01-05 23:00:00', 'admin', 'Café gris', 0, 0),
(4567, '2017-01-05 23:00:00', 'admin', 'Café gris', 0, 0),
(4568, '2017-01-05 23:00:00', 'admin', 'Café gris', 0, 0),
(4569, '2017-01-05 23:00:00', 'admin', 'Café gris', 0, 0),
(4570, '2017-01-05 23:00:00', 'admin', 'Café gris', 0, 0),
(4571, '2017-01-05 23:00:00', 'admin', 'Café gris', 0, 0),
(4572, '2017-01-05 23:00:00', 'admin', 'Café gris', 0, 0),
(4573, '2017-01-05 23:00:00', 'admin', 'Thé', 0, 0),
(4574, '2017-01-05 23:00:00', 'admin', 'Eau', 0, 0),
(4575, '2017-01-05 23:00:00', 'admin', 'Eau', 0, 0),
(4576, '2017-01-05 23:00:00', 'admin', 'Chocolat / Lait', 0, 0),
(4577, '2017-01-05 23:00:00', 'admin', 'Twix', 0, 0),
(4578, '2017-01-06 23:00:00', 'admin', 'Café gris', 0, 0),
(4579, '2017-01-06 23:00:00', 'admin', 'Café gris', 0, 0),
(4580, '2017-01-06 23:00:00', 'admin', 'Café gris', 0, 0),
(4581, '2017-01-06 23:00:00', 'admin', 'Café gris', 0, 0),
(4582, '2017-01-06 23:00:00', 'admin', 'Café gris', 0, 0),
(4583, '2017-01-06 23:00:00', 'admin', 'Café gris', 0, 0),
(4584, '2017-01-06 23:00:00', 'admin', 'Eau', 0, 0),
(4585, '2017-01-06 23:00:00', 'admin', 'Eau', 0, 0),
(4586, '2017-01-06 23:00:00', 'admin', 'Coca', 0, 0),
(4587, '2017-01-07 23:00:00', 'admin', 'Café gris', 0, 0),
(4588, '2017-01-07 23:00:00', 'admin', 'Café gris', 0, 0),
(4589, '2017-01-07 23:00:00', 'admin', 'Café gris', 0, 0),
(4590, '2017-01-07 23:00:00', 'admin', 'Café gris', 0, 0),
(4591, '2017-01-08 23:00:00', 'admin', 'Café gris', 0, 0),
(4592, '2017-01-08 23:00:00', 'admin', 'Thé', 0, 0),
(4593, '2017-01-09 23:00:00', 'admin', 'Café gris', 0, 0),
(4595, '2017-01-10 23:00:00', 'admin', 'Café gris', 0, 0),
(4596, '2017-01-10 23:00:00', 'admin', 'Café gris', 0, 0),
(4597, '2017-01-10 23:00:00', 'admin', 'Café gris', 0, 0),
(4598, '2017-01-10 23:00:00', 'admin', 'Café gris', 0, 0),
(4599, '2017-01-10 23:00:00', 'admin', 'Café gris', 0, 0),
(4600, '2017-01-10 23:00:00', 'admin', 'Café gris', 0, 0),
(4601, '2017-01-10 23:00:00', 'admin', 'Café gris', 0, 0),
(4602, '2017-01-10 23:00:00', 'admin', 'Thé', 0, 0),
(4603, '2017-01-10 23:00:00', 'admin', 'Thé', 0, 0),
(4604, '2017-01-10 23:00:00', 'admin', 'Eau', 0, 0),
(4605, '2017-01-11 23:00:00', 'admin', 'Thé', 0, 0),
(4606, '2017-01-11 23:00:00', 'admin', 'Thé', 0, 0),
(4607, '2017-01-11 23:00:00', 'admin', 'Thé', 0, 0),
(4609, '2017-01-11 23:00:00', 'admin', 'Café gris', 0, 0),
(4610, '2017-01-11 23:00:00', 'admin', 'Café gris', 0, 0),
(4612, '2016-10-01 22:00:00', 'admin', 'Café gris', 1, 0),
(4613, '2016-10-01 22:00:00', 'admin', 'Café gris', 1, 0),
(4614, '2016-10-01 22:00:00', 'admin', 'Café gris', 1, 0),
(4616, '2016-10-06 22:00:00', 'admin', 'Bière', 1, 0),
(4617, '2016-10-06 22:00:00', 'admin', 'Bière', 1, 0),
(4618, '2016-10-06 22:00:00', 'admin', 'Bière', 1, 0),
(4619, '2016-10-06 22:00:00', 'admin', 'Bière', 1, 0),
(4620, '2016-10-06 22:00:00', 'admin', 'Bière', 1, 0),
(4621, '2016-10-06 22:00:00', 'admin', 'Bière', 1, 0),
(4622, '2016-10-06 22:00:00', 'admin', 'Bière', 1, 0),
(4623, '2016-10-06 22:00:00', 'admin', 'Bière', 1, 0),
(4624, '2016-10-06 22:00:00', 'admin', 'Bière', 1, 0),
(4625, '2016-10-06 22:00:00', 'admin', 'Bière', 1, 0),
(4626, '2016-10-06 22:00:00', 'admin', 'Bière', 1, 0),
(4627, '2016-10-06 22:00:00', 'admin', 'Bière', 1, 0),
(4628, '2016-10-06 22:00:00', 'admin', 'Bière', 1, 0),
(4629, '2016-10-06 22:00:00', 'admin', 'Bière', 1, 0),
(4630, '2016-10-06 22:00:00', 'admin', 'Bière', 1, 0),
(4631, '2016-10-06 22:00:00', 'admin', 'Blanc', 1, 0),
(4632, '2016-10-06 22:00:00', 'admin', 'Blanc', 1, 0),
(4633, '2016-10-06 22:00:00', 'admin', 'Blanc', 1, 0),
(4634, '2016-10-06 22:00:00', 'admin', 'Blanc', 1, 0),
(4635, '2016-10-06 22:00:00', 'admin', 'Blanc', 1, 0),
(4636, '2016-10-06 22:00:00', 'admin', 'Blanc', 1, 0),
(4637, '2016-10-06 22:00:00', 'admin', 'Blanc', 1, 0),
(4638, '2016-10-06 22:00:00', 'admin', 'Blanc', 1, 0),
(4639, '2016-10-06 22:00:00', 'admin', 'Rouge', 1, 0),
(4640, '2016-10-06 22:00:00', 'admin', 'Ice Tea', 1, 0),
(4641, '2016-10-06 22:00:00', 'admin', 'Ice Tea', 1, 0),
(4642, '2016-10-06 22:00:00', 'admin', 'Coca', 1, 0),
(4643, '2016-10-06 22:00:00', 'admin', 'Twix', 1, 0),
(4652, '2017-01-26 08:25:44', 'admin', 'Thé Earl Grey', 0, 0),
(4653, '2017-01-26 08:25:50', 'admin', 'Café gris', 0, 0),
(4654, '2017-01-26 08:28:15', 'admin', 'Chocolat / Lait', 0, 0),
(4656, '2017-01-26 08:29:25', 'admin', 'Café gris', 0, 0),
(4657, '2017-01-26 08:35:05', 'admin', 'Café gris', 0, 0),
(4658, '2017-01-26 09:48:49', 'admin', 'Café gris', 0, 0),
(4659, '2017-01-26 09:51:56', 'admin', 'Thé vert', 0, 0),
(4660, '2017-01-26 10:12:54', 'admin', 'Thé citron', 0, 0),
(4661, '2017-01-26 14:00:45', 'admin', 'Café gris', 0, 0),
(4662, '2017-01-26 15:14:52', 'admin', 'Café Aroma (orange)', 0, 0),
(4667, '2017-01-26 17:03:45', 'admin', 'Thé vert', 0, 1),
(4668, '2017-01-26 17:03:57', 'admin', 'Thé vert', 0, 1),
(4751, '2017-01-11 23:00:00', 'admin', 'Café gris', 0, 0),
(4752, '2017-01-11 23:00:00', 'admin', 'Café gris', 0, 0),
(4753, '2017-01-16 23:00:00', 'admin', 'Orangina', 0, 0),
(4754, '2017-01-16 23:00:00', 'admin', 'Café gris', 0, 0),
(4755, '2017-01-16 23:00:00', 'admin', 'Café gris', 0, 0),
(4756, '2017-01-16 23:00:00', 'admin', 'Café gris', 0, 0),
(4757, '2017-01-16 23:00:00', 'admin', 'Café gris', 0, 0),
(4758, '2017-01-16 23:00:00', 'admin', 'Café gris', 0, 0),
(4759, '2017-01-17 23:00:00', 'admin', 'Café gris', 0, 0),
(4760, '2017-01-17 23:00:00', 'admin', 'Café gris', 0, 0),
(4761, '2017-01-17 23:00:00', 'admin', 'Café gris', 0, 0),
(4762, '2017-01-17 23:00:00', 'admin', 'Café gris', 0, 0),
(4763, '2017-01-17 23:00:00', 'admin', 'Café gris', 0, 0),
(4764, '2017-01-17 23:00:00', 'admin', 'Café gris', 0, 0),
(4765, '2017-01-17 23:00:00', 'admin', 'Thé', 0, 0),
(4766, '2017-01-17 23:00:00', 'admin', 'Thé', 0, 0),
(4767, '2017-01-17 23:00:00', 'admin', 'Eau', 0, 0),
(4768, '2017-01-17 23:00:00', 'admin', 'Eau', 0, 0),
(4769, '2017-01-17 23:00:00', 'admin', 'Twix', 0, 0),
(4770, '2017-01-18 23:00:00', 'admin', 'Thé', 0, 0);
INSERT INTO `Ventes` (`id_vente`, `date_vente`, `vendeur`, `produit`, `Offert`, `Facturer`) VALUES
(4771, '2017-01-18 23:00:00', 'admin', 'Thé', 0, 0),
(4772, '2017-01-18 23:00:00', 'admin', 'Thé', 0, 0),
(4773, '2017-01-18 23:00:00', 'admin', 'Thé', 0, 0),
(4774, '2017-01-18 23:00:00', 'admin', 'Thé', 0, 0),
(4775, '2017-01-18 23:00:00', 'admin', 'Café gris', 0, 0),
(4776, '2017-01-18 23:00:00', 'admin', 'Twix', 0, 0),
(4777, '2017-01-20 23:00:00', 'admin', 'Café gris', 0, 0),
(4778, '2017-01-20 23:00:00', 'admin', 'Café gris', 0, 0),
(4779, '2017-01-21 23:00:00', 'admin', 'Café gris', 0, 0),
(4780, '2017-01-21 23:00:00', 'admin', 'Café gris', 0, 0),
(4781, '2017-01-21 23:00:00', 'admin', 'Twix', 0, 0),
(4782, '2017-01-23 23:00:00', 'admin', 'Café gris', 0, 0),
(4783, '2017-01-23 23:00:00', 'admin', 'Orangina', 0, 0),
(4784, '2017-01-24 23:00:00', 'admin', 'Café gris', 0, 0),
(4785, '2017-01-24 23:00:00', 'admin', 'Café gris', 0, 0),
(4786, '2017-01-24 23:00:00', 'admin', 'Café gris', 0, 0),
(4789, '2017-01-24 23:00:00', 'admin', 'Eau', 0, 0),
(4790, '2017-01-24 23:00:00', 'admin', 'Snickers', 0, 0),
(4791, '2017-01-24 23:00:00', 'admin', 'Thé', 0, 0),
(4793, '2017-01-27 09:08:26', 'admin', 'Café Lungo (blanc)', 0, 0),
(4794, '2017-01-27 09:30:28', 'admin', 'Café Lungo (blanc)', 0, 0),
(4795, '2017-01-27 09:43:50', 'admin', 'Lion', 0, 0),
(4796, '2017-01-27 09:49:39', 'admin', 'Lion', 1, 0),
(4797, '2017-01-27 11:39:44', 'admin', 'Café gris', 0, 0),
(4798, '2017-01-27 11:39:46', 'admin', 'Café Aroma (orange)', 0, 0),
(4799, '2017-01-27 13:30:15', 'admin', 'Café gris', 0, 0),
(4800, '2017-01-28 08:20:19', 'admin', 'Café gris', 0, 0),
(4801, '2017-01-28 08:20:20', 'admin', 'Café gris', 0, 0),
(4802, '2017-01-28 08:32:04', 'admin', 'Chocolat / Lait', 0, 0),
(4804, '2017-01-28 10:51:53', 'admin', 'Café gris', 0, 0),
(4805, '2017-01-28 12:05:28', 'admin', 'Café gris', 0, 0),
(4806, '2017-01-29 11:42:34', 'admin', 'Café gris', 0, 0),
(4807, '2017-01-29 11:42:38', 'admin', 'Café gris', 0, 0),
(4808, '2017-01-29 11:42:43', 'admin', 'Café gris', 0, 0),
(4809, '2017-01-29 11:42:50', 'admin', 'Chocolat / Lait', 0, 0),
(4810, '2017-01-30 18:06:29', 'admin', 'Thé Earl Grey', 0, 1),
(4811, '2017-01-30 18:06:30', 'admin', 'Thé Earl Grey', 0, 1),
(4812, '2017-01-30 18:06:31', 'admin', 'Thé Earl Grey', 0, 1),
(4813, '2017-01-30 18:06:32', 'admin', 'Thé Earl Grey', 0, 1),
(4814, '2017-01-30 18:06:32', 'admin', 'Thé Earl Grey', 0, 1),
(4815, '2017-01-30 18:06:34', 'admin', 'Thé Earl Grey', 0, 1),
(4816, '2017-01-30 18:06:34', 'admin', 'Thé Earl Grey', 0, 1),
(4817, '2017-01-30 18:06:35', 'admin', 'Thé Earl Grey', 0, 1),
(4818, '2017-01-30 18:06:35', 'admin', 'Thé Earl Grey', 0, 1),
(4819, '2017-01-30 18:06:36', 'admin', 'Thé Earl Grey', 0, 1),
(4820, '2017-01-30 18:06:56', 'admin', 'Thé Earl Grey', 0, 1),
(4821, '2017-01-30 18:09:19', 'admin', 'Thé jasmin', 0, 1),
(4822, '2017-01-30 18:09:20', 'admin', 'Thé jasmin', 0, 1),
(4823, '2017-01-30 18:09:20', 'admin', 'Thé jasmin', 0, 1),
(4824, '2017-01-30 18:09:21', 'admin', 'Thé jasmin', 0, 1),
(4825, '2017-01-30 18:09:26', 'admin', 'Thé vert', 0, 1),
(4826, '2017-01-30 18:09:26', 'admin', 'Thé vert', 0, 1),
(4827, '2017-01-30 18:09:26', 'admin', 'Thé vert', 0, 1),
(4828, '2017-01-30 18:09:27', 'admin', 'Thé vert', 0, 1),
(4829, '2017-01-30 18:09:34', 'admin', 'Thé citron', 0, 1),
(4830, '2017-01-30 18:09:34', 'admin', 'Thé citron', 0, 1),
(4831, '2017-01-30 18:09:34', 'admin', 'Thé citron', 0, 1),
(4832, '2017-01-30 18:09:34', 'admin', 'Thé citron', 0, 1),
(4833, '2017-02-01 08:26:55', 'admin', 'Café Lungo (blanc)', 0, 0),
(4834, '2017-02-01 09:51:46', 'admin', 'Thé vert', 0, 0),
(4840, '2017-02-01 11:42:14', 'admin', 'Café Aroma (orange)', 0, 0),
(4841, '2017-02-02 16:01:01', 'admin', 'Eau', 0, 0),
(4842, '2017-02-02 16:01:07', 'admin', 'Café gris', 0, 0),
(4843, '2017-02-02 16:01:08', 'admin', 'Café gris', 0, 0),
(4844, '2017-02-02 16:01:09', 'admin', 'Café gris', 0, 0),
(4845, '2017-02-02 16:01:09', 'admin', 'Café gris', 0, 0),
(4846, '2017-02-02 16:01:15', 'admin', 'Thé Earl Grey', 0, 0),
(4847, '2017-02-02 16:01:15', 'admin', 'Thé Earl Grey', 0, 0),
(4848, '2017-02-02 16:01:18', 'admin', 'Thé fruits rouges', 0, 0),
(4849, '2017-02-02 17:32:43', 'admin', 'Orangina', 0, 0),
(4850, '2017-02-04 09:37:57', 'admin', 'Café gris', 0, 0),
(4851, '2017-02-04 09:38:04', 'admin', 'Café gris', 0, 0),
(4852, '2017-02-04 13:11:24', 'admin', 'Café gris', 0, 0),
(4853, '2017-02-04 13:11:25', 'admin', 'Café gris', 0, 0),
(4854, '2017-02-04 13:11:35', 'admin', 'Chocolat / Lait', 0, 0),
(4855, '2017-02-04 13:19:41', 'admin', 'Café rouge (fort)', 0, 0),
(4856, '2017-02-04 13:22:04', 'admin', 'Café gris', 0, 0),
(4857, '2017-02-04 13:23:34', 'admin', 'Café gris', 0, 0),
(4858, '2017-02-04 13:29:39', 'admin', 'Café gris', 0, 0),
(4859, '2017-02-04 13:32:40', 'admin', 'Café gris', 0, 0),
(4860, '2017-02-05 08:46:49', 'admin', 'Café gris', 0, 0),
(4861, '2017-02-05 08:51:59', 'admin', 'Café gris', 0, 0),
(4862, '2017-02-05 08:54:10', 'admin', 'Café rouge (fort)', 0, 0),
(4863, '2017-02-05 08:54:13', 'admin', 'Eau', 0, 0),
(4864, '2017-02-05 08:59:02', 'admin', 'Café gris', 0, 0),
(4865, '2017-02-05 12:56:20', 'admin', 'Café Lungo (blanc)', 0, 0),
(4866, '2017-02-05 12:59:58', 'admin', 'Café gris', 0, 0),
(4867, '2017-02-05 13:07:38', 'admin', 'Café gris', 0, 0),
(4868, '2017-02-05 13:07:39', 'admin', 'Café gris', 0, 0),
(4869, '2017-02-06 18:39:37', 'admin', 'Mars', 0, 0),
(4870, '2017-02-09 13:45:55', 'admin', 'Chips', 1, 0),
(4872, '2017-02-09 13:47:08', 'admin', 'Chips', 0, 0),
(4884, '2017-02-10 12:00:09', 'admin', 'Café gris', 1, 0),
(4885, '2017-02-10 12:01:34', 'admin', 'Café Aroma (orange)', 1, 0),
(4886, '2017-02-10 15:33:42', 'admin', 'Café Aroma (orange)', 1, 0),
(4887, '2017-02-11 08:41:05', 'admin', 'Café gris', 0, 0),
(4888, '2017-02-11 08:45:27', 'admin', 'Chocolat / Lait', 0, 0),
(4889, '2017-02-11 13:26:37', 'admin', 'Thé citron', 0, 0),
(4890, '2017-02-11 13:26:37', 'admin', 'Thé citron', 0, 0),
(4891, '2017-02-11 13:26:40', 'admin', 'Thé jasmin', 0, 0),
(4892, '2017-02-12 08:31:58', 'admin', 'Café gris', 0, 0),
(4893, '2017-02-12 09:02:04', 'admin', 'Café gris', 0, 0),
(4894, '2017-02-12 12:59:12', 'admin', 'Mars', 0, 0),
(4895, '2017-02-12 13:33:26', 'admin', 'Café gris', 0, 0),
(4896, '2017-02-12 13:33:27', 'admin', 'Café gris', 0, 0),
(4902, '2017-02-01 19:36:16', 'admin', 'Kinder Bueno', 0, 0),
(4903, '2017-02-15 15:58:59', 'admin', 'Café gris', 0, 0),
(4904, '2017-02-15 17:55:24', 'admin', 'Café gris', 0, 0),
(4905, '2017-02-15 19:11:27', 'admin', 'Coca zero', 0, 0),
(4906, '2017-02-15 19:56:04', 'admin', 'Café gris', 0, 0),
(4907, '2017-02-16 15:17:17', 'admin', 'Café gris', 1, 0),
(4908, '2017-02-16 15:17:21', 'admin', 'Thé fruits rouges', 1, 0),
(4909, '2017-02-16 15:17:23', 'admin', 'Thé citron', 1, 0),
(4910, '2017-02-16 15:17:34', 'admin', 'Café gris', 1, 0),
(4911, '0000-00-00 00:00:00', 'admin', 'Blanc', 0, 0),
(4912, '0000-00-00 00:00:00', 'admin', 'Blanc', 0, 0),
(4913, '2017-02-17 09:33:52', 'admin', 'Blanc', 0, 0),
(4914, '2017-02-17 09:35:06', 'admin', 'Blanc', 0, 0),
(4915, '2017-02-17 09:35:52', 'admin', 'Blanc', 0, 0),
(4921, '2017-02-17 09:41:15', 'stagiaire', 'Chips', 0, 0),
(4922, '2017-02-17 14:32:24', 'stagiaire', 'Snickers', 0, 0);

--
-- Index pour les tables exportées
--

--
-- Index pour la table `Mouvements`
--
ALTER TABLE `Mouvements`
  ADD PRIMARY KEY (`id_mouvement`);

--
-- Index pour la table `Retraits`
--
ALTER TABLE `Retraits`
  ADD PRIMARY KEY (`id_retrait`);

--
-- Index pour la table `Stock`
--
ALTER TABLE `Stock`
  ADD PRIMARY KEY (`produit`);

--
-- Index pour la table `Utilisateurs`
--
ALTER TABLE `Utilisateurs`
  ADD PRIMARY KEY (`username`);

--
-- Index pour la table `Ventes`
--
ALTER TABLE `Ventes`
  ADD PRIMARY KEY (`id_vente`),
  ADD KEY `fk_stock_produit` (`produit`),
  ADD KEY `fk_utilisateurs_username` (`vendeur`);

--
-- AUTO_INCREMENT pour les tables exportées
--

--
-- AUTO_INCREMENT pour la table `Mouvements`
--
ALTER TABLE `Mouvements`
  MODIFY `id_mouvement` int(10) NOT NULL AUTO_INCREMENT, AUTO_INCREMENT=14;
--
-- AUTO_INCREMENT pour la table `Retraits`
--
ALTER TABLE `Retraits`
  MODIFY `id_retrait` int(10) NOT NULL AUTO_INCREMENT, AUTO_INCREMENT=2;
--
-- AUTO_INCREMENT pour la table `Ventes`
--
ALTER TABLE `Ventes`
  MODIFY `id_vente` int(6) UNSIGNED NOT NULL AUTO_INCREMENT, AUTO_INCREMENT=4923;
--
-- Contraintes pour les tables exportées
--

--
-- Contraintes pour la table `Ventes`
--
ALTER TABLE `Ventes`
  ADD CONSTRAINT `fk_stock_produit` FOREIGN KEY (`produit`) REFERENCES `Stock` (`produit`) ON UPDATE CASCADE,
  ADD CONSTRAINT `fk_utilisateurs_username` FOREIGN KEY (`vendeur`) REFERENCES `Utilisateurs` (`username`) ON UPDATE CASCADE;
